﻿<?xml version="1.0" encoding="utf-8"?><bwFonts xmlns:xsi="http://www.w3.org/2001/XMLSchema-instance" xmlns:xsd="http://www.w3.org/2001/XMLSchema" fontfactoryurl="story_content/FontFactory.swf"><font id="00" name="Adobe Heiti Std R Charset1 5fPa7SFc3FZ"><glyphs><g i="0" c="256" p="#^dFzcLCAcVAPd3z1f1ygh$wvj_wym_wspYxErXyPtJA1vwCfwZEgwkHgwaJ9v0L1u5MOraNzpbNembNsjfMhhkL6fyJRdMHAcdFzc^7FWeQGZeXH2g3J6hCJOi9Ktk9Klm9KpoAJ6q$IPrTHRsLGTt4FVtqDTtiCRsaBOrBA7q1Aro0Atm0AykzARi6B7heC2gmDZe7FWe" /><g i="1" c="258" p="%^uE$kMKRceHRcjCIj#_BckDBKk#hBglXAQlSAQlSARc$xRc$x_vSA_vSAYotCYmMH_v8L_v" /></glyphs></font><font id="10" name="Adobe Heiti Std RBold Charset1 5i1yJjlSKzs"><glyphs><g i="0" c="256" p="%^tHRcbFPh#JEUiiETj#TDRkwDOltDOl#5DOkGCRj#fCUiNBRhxzRcgwRcUB_nUB_vNE_vNEVnJKRc" /><g i="1" c="258" p="#^tDWhDBWh9AMiIyCjRxel$wSm_wbp$wrrPx0tEyBu2ArvtBgwgDgwSEhwjGxvNHNuJIatGJzrIJ$oIJSmWIhl9IHjLGPimFWhtDWh^LG3pKGtqkGCrWFKs9FptoE4ulD6uhC4uwBptMAKsmACrYzuqXz7pXzVnhAMmDAClnBSk8C6knD4kAE6kjFTk3GDlpGMmLGVnLG3p" /><g i="2" c="259" p="#^1Jdi%8Gdi%8GLq7GNrHFusfFatBExtXDTtgDTtSBRtgBNsGAJrHAWp%HAdi%Oxdi%OxpqPxAsqyTt1zav1AKv1BhweCgwlDfwaEUv$ExvyF0v5GuuoG$t%sG$t%CG_v%9J_v7Jav4Jbu2Jct1J2s" /><g i="3" c="260" p="#" /><g i="4" c="261" p="#^LQFnKQvl5QfktP_iuOsiwNVhtMWh_KXhXJCiUIhjcIrk%9IrkJHgjMGBiQFWhvEWhXCYhYBFiZAljtAek%oAek%fAdi%LxdiOx4jPx0kRxXkSx5m%Sx_v%HA_v%HAEnIAym7BPlyB3laCHkPCikuDhkKEjkjFglUFdmUFHn%UF_v%JI_v%JIunKIum7JNlwJ3l7KHkKKikpLhkJMjkjNllWNmmWN6o%WN_v%LQ_v" /><g i="5" c="262" p="#^kFJiMEoiWD9i4DWh3CWhCAWhxztity0jTxYjixTkix2mhxfn7yfo_yfpPA_p1CvqyC1r3Dyr2Djs2D7ttCDtVB6uLA7uRz6u_yQt8yxtBxbt%XwlvExMvCy0wBzgwHAgw3DfwrE9vPF2uQF2sQFzqYEzp4EyomCSn7BlnAATm2Apm3AJl4A$kAAxk5B3k3C1kWC2kBDikgExkHEPk" /><g i="6" c="263" p="#^qydi%twdi%twnk%qynk%qywrpySsFyMtWyGurzdvUzKvBA$viBgw9CgwUCgwsDaw1E5wpEYv%jEJt3EOtMDRttDUt1DVt7CVtIBhthBEshBnr%hBnk%zEnk%zEdi%hBdi%hBPe%qyJf" /><g i="7" c="264" p="#^JGoteGCtBFNtZEXt7EYthCWt7BGs_zprXz6pYzLnrAEmWAxlSBTkOCdk8Eck0FdkDFokfGzkDGMk%bHxiKGiiWF6i7FWh7EWhUBXhiAUiJyRjSxul$w7n$wep1xvsNynuyAewzDgwNEfwIF1wDGPv7HAv" /><g i="8" c="265" p="#^rAjk%iAdi%KxdiNx7jPxekRxklRxGm%RxAB%KAAB%KAnu%OAnujBevgCLvdDgwtEgwXFhwfHvvAIJuqJ5tgKtrhKYogKOmzJdlSIEjEHNiqGWhSEWhqDWhjCxicB8juAjk^KAUnNAlmHBjlCChkXDek2FfkOFVkzGylYGEmlHJnlH2pkHuqWGBrxGIsLFlt_EZtSD_t8D_tqCDtIBfteBtsMAHrKAsq" /><g i="9" c="266" p="%^KAXbRxXbRx_vKA_v" /><g i="10" c="267" p="#^rHptNGHtXFTt5F2uZD3uSC3uWBEt$ActqAgsRzjrNzMp%yIMpAIwpBIdpCIVoCIyoDIPm3IjlwHPjjGTi7FXhbDWheBXhRzWityUjKxzl$wdn$wip$wprMxZsxyxu_zpvsBgwyDgwYEgw3G1wbHOvWHsv^PzInUzTmeA1mAAalfBBkXB0k_C_j5E0kKEBknF9lDF$lUFRmTFIn" /><g i="11" c="268" p="#^dJGncJvlwIfkRH_iQGsiPFVhLEWhBDWhxCtiuB0jOA5k%KA5k%KAXb%RxXb%Rx_v%KA_v%KAznLAxmbBPlDB4liCIkZCkkHDjkGEkkfFQkQFjl4G7mkGXmkGXn%kG_v%dJ_v" /><g i="12" c="269" p="#^JGdi%DG2k%yG2k0G1j3Fui7EWhOCWhmBVh2AJiKywjTx9l0xNm$wip0xrrKx$ssyzuGzqvUAgwoCgwQDfwQEGvRF4vnG7u%sG7u%sGAB%lJAB%lJbmlJ0lnJ2kpJ3jsJdi^sGrqsGdr6G1sNFQs4FntoEWtkDYtbCXtrBitHAFsjAArXzvqXz8pYzInlACmLAvlxBTkjCfkqDekdEfkVEGkBF4l0GSlrGEmsGJn" /><g i="13" c="270" p="#^_Ape_AGdxAcd4AKcjzJczyKc5ycdDxGdDxpeDx7f4yBfxy3giz4g5A3gxABf_A7f_Ape^KAdi%Rxdi%Rx_v%KA_v" /><g i="14" c="271" p="#^dJzncJslwIdkRHZiOGriMFVhGEWh6DYh2CFi_AljuAgk%qAgk%gAdi%KxdiNx4jPx0kRxYkRx5m%Rx_v%KA_v%KAHnLABmbBRlDB5liCIkZCjkHDjkGEkkfFQkQFjl4G7mkGXmkGWn%kG_v%dJ_v" /><g i="15" c="272" p="#^KA8k%KAXb%RxXb%RxksRxhtPxhuNxgvKx_v%dA_v%mAWt%rAWt8B8v9CJvbDhwwEgwZFhwhHuvBIGuqJ2tgKprhKUohKNmCJdlXIFjKHOiyGWhZEWhwDWhsCvipB4jOA8k^KARnLAVm9B5mzBhlhCMk$CfkVDek3FfkPFVkAGylYGDmlHInlH0pkHgrrGBszFWtUDYtXCXtdCstwBZs7BcsLArrKAyq" /><g i="16" c="273" p="#^mwdi%mwnk%dynk%dy_v%6B_v%6Bnk%6Enk%6Edi%5Bdi%5Bth4BxgiBLfwBYe1CueyC$drD_dXD$dhE4eEE9eWEge%dF2cREUbjENbODGb6DGbfCFbmBYbuAfcMzXc$yKdGyGelyBfgyxgcyshdydi" /><g i="17" c="274" p="#^ME_hAEYhpEXheEWh2EWhUCWhWBGiYAqjtALk%mALk%gAdi%KxdiOx9jPxbkRxdlRxpm%Rx_v%KA_v%KAHoLASmBBOlrCJkWDHk9EHkmEJkAEKkMEMk" /><g i="18" c="276" p="#^MGdi%EG3k%BG3kaGcjfFAilEYhQCWhiBWhZzMiFyCjQxel0xRm$wbp$w8rHxFsny9uBz1vQAUvtCVvPDUvNElvMFOuiGUt%lGUt%lGdvjGxxgFzydECzvCBzkBAznAhzqz$yMyCy%7ySAYymB5ACBfBSBtCSBUEQBhG0BGHdAiI_yWILx4JqwfJ6vdJ2u%dJbmdJPkfJTjiJWilJdi^kGfqjGorTF9ssFWsMEjt4EItkDItIBFtQAosYz7rXz3pZzQmUAxlPBeklDckIEfkvFbliG7mkGxn" /><g i="19" c="277" p="#^izgw9AfwFAJv9Bav9Biu9BptFATs9Aksjzjsvyks_xTstxqtsxiusx8vXxIvqyfwizgw" /><g i="20" c="278" p="%^qIAtUAAtUAdnBHdnBHQkUAQkUAff$Hff$HRc$xRc$x_vqI_v" /><g i="21" c="279" p="#^HFdi%tDZphDGq4DorUC6sLCJs%GCJswC5sjCnr7CFqWBZp%qzdi%fwdi%ZAVu3B6v5Bgv7Bpv7Bwv7BKvJAxwkAlxqzgyxybz2xMz%OxdCjy6CazHB1AhB$ArAcCgzdDbxeE7vqFMr%KIdi" /><g i="22" c="280" p="#^uHwnvH1m2HMkBGvjsFJikEXhjCWhWAWhMzfiDyAiTx3j%ty_k8zyk0AikUA2kPB1kaD3kMDCkmE9luETlCEAmBE7n0B7nZypoXwGpVwfsVwktnxeuRx8vLyIvFzfwYAgwfCfwdDKvcEdvOEpu%SEpu%3F_v%HH_vzHjvwHtuuHCtuHJs^GElrEEAsPDmt$C7uOB9uZA9unADtOz5tMzYrOzKqxA6qgBupnCgpvD2pGE3p" /><g i="23" c="281" p="#^lJXb%sGXb%sGMj%oGMjXFYi$Esi4EXhLCWhbBWhUzNiByDjOxgl0xUm$wfp0xorJxZsryxuGzpvWAgwvCgwZDfw2FBv7GWuGGSt%LGSt%UG_v%sJ_vpJfvnJgulJhtlJjs^sGlqrGkr2G8sGFXs_ErtiEWtlDXtfCWtuBitKAGslABrYzwqXz8pYzMnlAFmKAylvBUkhCdkoDckFEdkxF9lpG5msGOn" /><g i="24" c="282" p="%^KMdi8LJo#SKVpDK1r#oK8sdKdt8Kdt#XJ7sFJ0r#oJUp3JHogHdiUEdi_CRo#HCVpoC1r#6C8sUBdtRBdt#FB7sqB1r#bBWpXAPoqzdiqwdimA_v_C_vSEVp#bFUosFPn#KFJmXFul0Gul#eGHmtGLn#JGPo2HUpPI_vrL_vCPdi" /><g i="25" c="284" p="#^izpm9AomEASl8Bjl8Btk8BAjEA2j8AviizvitywiZx3jtxCjsxtksxhlWxRlpyomizpm^izgw9AfwEAJv8Bbv8Bku8BstEAWs8AnsizmstynsZxWstxttsxkusx8vWxIvpyfwizgw" /><g i="26" c="285" p="#^EHqd0H5d$FRc_EAcCDzcIBzcjAfdWyXd9y8fpxkgpxShrxOjJy8l$zumaClnSD1oEEToqFJpqFWqpFesuE0tADOtTBQtGAPtAzvtvyatJxHs%4x7vOxCv2zXvjAgwHBgwRDfwkFxvPGPuAHytmIhsmIGqnIJofHmn7G$lPD0l0Cfk9BujjAJijAxhjAVgEAkg_AKfHBmfpC_eyDZeKE$eBFhftGyfXGQf" /><g i="27" c="286" p="#^8GFlFH4ltI_jhJTihJuhkJugPIofiIiePGxdlFLctCJcaBJc_zQcPyXc$x6d%$xXvCy0wzz4wwA9wOB9w9EawMFKvnHhvkInuUIUtpJZsXJ1sZJwqYJapqJcoUIdn0ICm9H_l8GKl^SARk%SA3f7B$eABZe1CWeLCVeFDVeuE9fjFofRF0gnGEgoGNhmG8jmF_jnEPkECRk^SA_m%yC_mGD_mGEknGFFniGqoWGbpYGrqXGIrlGusLFftMECtODYtDCYt3CYtDBXtbBVtSARt" /><g i="28" c="287" p="%^nJRc8wRc8wifiBifiB_vbE_vbEifnJif" /><g i="29" c="288" p="%^iFdiJDZk#6D2mwCdntCdn#aCFmTB6m#ABzleB_kBzdiowdiFA_odw_vmz_v_A3t#kBtsDBVr#XBkreCKqhCKq#BCmrUCWr#cDuswD2tdF_vuI_v5ESoqIdi" /></glyphs></font><font id="20" name="Open SansBold Charset1 6CEpR0h1Gik"><glyphs><g i="0" c="384" p="#^QF2hHD2hwCFilBfklB7nlB5tQF5tIH5tnK8s%nKkvbIfwtFfwABfwvzUtrxwrrx5nrxjksyditz7gmB0fgDUdQFUdqIUd2L8f%QJdiQILhPHphOG2hQF2h" /><g i="1" c="385" p="#^VA8pVAarABdsfCgtLDgteFgtUFesyGbryG8pyG6nTF6mdF5lJD5leC5lzB6mVA6nVA8p^mK8pmKusBInuRGfwIDfwKBfweAovKywuWxVs6xir6x8p6xOlSyYjCA5iMD5iKF5ieHYiKIOjyJplmK$mmK8p" /><g i="2" c="386" p="#^yK$v%QG$v%QG1oQGxmiGPlNF4lDE4l3D4lmC7mGB9nGBAp%GB$v%Yx$v%Yxmi%OAmi%iB5k%vB5k7C5jdDBijE5iIF5i4I5ijJnjyKFkyK5n" /><g i="3" c="387" p="#^IDhtGEht2GRs%2GDvFEfwDCfwoAfwmz6vlyZtlyKr%ly9l%zw9l%zwAj%Dyki%Hzsf%4Csf%4Cmi%VFmi%VF9l%4C9l%4CJr4CwswCVsZChtIDht" /><g i="4" c="388" p="#^zF5ikG5iQGci%yGHl5GzlsFzlFDzlFCumGBonGB2p%GB$v%Yx$v%Yxmi%MAmi%jBEk%vBEk8CujdDOiiE5izF5i" /><g i="5" c="389" p="#^NxPeNx$cPz$cRB$cRBPeRBHfkBagQAFgPzFgNxFgNxPe^GB$v%Yx$v%Yxmi%GBmi" /><g i="6" c="390" p="#^yF5iYH5ikJ_jIKSlIK8pIKxshJouTHfwrFfw1DfwGBvu%pBvu%OA$v%Yx$v%Yx$c%GB$c%GBqhGBfiwB6k%GB6kZC5iyF5i^lE4lZC4lkCWlHBMmGBJo%GB7pGBkrkChs_CetoEetyFetdGasVG6rVG5pVG4ndG4mxF4llE4l" /><g i="7" c="391" p="#^DH$v%7Hfu%WGfukGcvdFKv7EfwJCfwjAfw5zZuTxGtTxfr%Txmi%BBmi%BBkqBBNr6CxsEChtODhtmFht2GesLGbrLGMo%LGmi%uKmi%uK$v" /><g i="8" c="392" p="#^tHYrtH2u$F9vyEfwEBfw9Afw6z2w3yRv8xsv%8xnsaySstzctNAxtMBxtNDxtNDlsNDVrwDErfDmrBC0rXBGqQAcqgzypwy_oNxqorxIn6xZm6xVl6x4kwy5jXz5iwC5i_E5ijH9j%bGSlaFplhE8loDSksCSkPASkPALlPAfmlBDmTB_mGDIngFlo$FVoLGtp6HcqtHXqtHYr" /><g i="9" c="393" p="#^MI2rMIst1HSuiFfwbCfwlzfw8xav%8xFrXyssbAOssB7tuC7tKD7toEFs3Fas3Fdr3FIqMEiqtETpVDvplD7pBBioYzxn8zQmky6mQxallxdklxZilxBgYyffzAUdoDUdNEUd2GdejHyeHI8f%tH5i1Gvh5FhhaE2hgD2hbC2hCByh2B2i2BRi2BljhBJjwB5k0CrkwCNkpEHlWGUmRH5oMIipMI2r" /><g i="10" c="394" p="#^CG$v%UF8u%NF8uREjvRDNvSCfwgBfwizfway7v2x$t2xWr2xLpzyJo4AHn8DAn%vFwn%vFVmvFRkoDRkLBRkyzQl%jyjjGA4ixD4ihG4iKHhjcJtkcJVm%cJ$v^vFHp%3EKpsCNpFBjqSARqSAYrSAxtGCxtYDxtJENsvF1svFOq" /><g i="11" c="395" p="%^7F$vlB$vlBjhvwjhvw9eZJ9eZJjh7Fjh" /><g i="12" c="396" p="#^yK$v%QG$v%QG1oQG4lDE4l3D4lmC8mGBbnGBAp%GB$v%Yx$v%Yx$c%GB$c%GBSgGBjhAB_i%vB5k%HB5kXC5iFF5i3I5iiJojyKGkyK5n" /><g i="13" c="397" p="#^BDLkpCLkKBvl4BemZADn%bGDnaGemtFvlNELkBDLk^7EfwQAfwZyru6xCs6xgp6xQlQyZjyA5iAD5itG5i4ILjHJolHJio%HJ6q%UA6qYAHrQBBsICutiEutwFutCGetJHZsWIps%WIhvXHMvQG$vJFfw7Efw" /><g i="14" c="398" p="#" /><g i="15" c="399" p="#^0Czm%gDzm0FzmTFTlLGalLGRjLGwi0GUhiFfhLDfh%0Cfh^AKJjAKBmMI7oZGFpEDFp%0CFp%0C$v%ey$v%ey9e%XD9ebH9eTIyfAKXgAKJj" /><g i="16" c="400" p="#^gCfwSzfwuynu6xvs6xbp6xQlvyZjVz5inC5iYE5iiG5k%qG5k8Gzi8Gmh%8G$c%TJ$c%TJ$v%0H$v%iGeu%8GeuTEfwgCfw^ADht$EhtGFsslGCrpGDp%pGdppG0nJF4m2F7lwD7lgC7lABbmUAenUAfpUAgrABhshChtADht" /><g i="17" c="401" p="#^uDfw6xfw6xfp6xMlRyXjAA5iPD5ibG5i4I0j%ZGUl5GxlkFjlAE5lPD5lVA5lVAdpVAetPDetUEetPFYsKGFsEH2s%EHevKGOvPF0wUEfwuDfw" /><g i="18" c="403" p="%^bB$v$vmiUzmiwC7q#ZCBr4DWs8DWs#cDLrHD7qjGmidKmi0F$v" /><g i="19" c="404" p="#^0C4m%fD4m1F4mUFulLGTkLGBjLGjiTFNh$EfhaDfh%0Cfh^0C9p%0C$v%ey$v%ey9e%rD9e4H9ePIufzKOgzKvjzK4lHJjmQIxnfHdogLeuvM$v%iI$v%1E9p" /><g i="20" c="405" p="#^QJli%QJdk%HHNkhIHlhIRmhI1pKGgqcFvruCvr%PBsr%gBorHAQrHAnsHAatLCat%3FatjHatuI8uGJ5vGJZwGJmzGHGAGF$BXB$B4z$Bzx$A3w$z3wdy3w_wQw9wCxkv5zZuwyJu5yauGxCtGx_sGxds6yIrzyarqzGqlycqJxbp5x9o5xMm5xxkyyjj$z5iHC5igD5i2EbiREhi3Fli^hzWxhzHy0A7zMAAz5CAz5EAzeF0znGtynGwxnGLwIFsw1FawDDaw%HBawGAawZzEwhz7xhzWx^EAPmEAXn8BBoFBepHCepLDepeEBoJEXnJEPmJEmkHCmkEAmkEAPm" /><g i="21" c="406" p="#^vF9l%gC9l%gC$v%yy$v%yy9l%vw9l%vwmj%yymi%yylhyy0fHzYdRATcnDTciFTcOGrd%RFagJEQfMDQf_CQfDCiggCMggCvh%gCmi%vFmi" /><g i="22" c="407" p="#^aJ$v%THLr%mBLr%3A$v%$v$v%iC4e%WG4e%fN$v^ZGAoaFOiXE2iJEhhDERgdEpijCAo" /><g i="23" c="408" p="#^rFfw1DfwGBvu%tBvuGBcwGBtw%GB$B%Yx$B%Yxmi%ZAmi%vB6k%GB6k_C5iyF5iYH5ikJZjIKQlIK8pIKkr3KYsqJzueIpv2HfwrFfw^lE4lZC4lkCWlHBMmGBJo%GB7pGBkrkChs_CetoEetVGetVG5pVG4nhG4mGF4llE4l" /><g i="24" c="409" p="%^ey$vey9e0C9e0CTsgJTsgJ$v" /><g i="25" c="410" p="%^GB$vYx$vYx$cGB$c" /><g i="26" c="411" p="#^9K$v%rG$v%rG1orGxmXFPlsF4loE4lZC4ljC7mGBanGBAp%GB$v%Yx$v%Yxmi%OAmi%iB5k%vB5k1C9j4DDi7E5itF5ixI5iCJ5k%XJ5kvK8jzLDiDM5iZN5iiQ5iuRhjGStkGS5n%GS$v%XO$v%XO1oXOxmrOPlYN4lUM4lwL4lQK2m9K0n9K8p" /><g i="27" c="412" p="#^qxfuqxdtZxIswyaszzasAAas7BIsHBetHBfuHBcv7BMvzAkwzzkwyykw_xNvqxevqxfu" /><g i="28" c="413" p="#^rO2nrOureMTt1KfwXFfwRBfwEzTtrxurrx1nrxziEzdgRBTdZFTd4KTdfMfgrOCirO2n^pB2npB2qyCzrHD4tXF4ttK4ttK2ntK1hZF1hID1hyCyipB3kpB2n" /><g i="29" c="414" p="#^vF9l%gC9l%gC$v%yy$v%yy9l%vw9l%vwmj%yymi%yylhyy0fHzYdRATcnDTciFTcOGrd%RFagJEQfMDQf_CQfDCiggCMggCvh%gCmi%vFmi^bP9l%YL9l%YL$v%eI$v%eI9l%bG9l%bGmj%eImi%eIlheI0fnJYdxKTc3NTc_OTcuQrd%xPagpOQfsNQfGMQfjMigYLMgYLvh%YLmi%bPmi" /><g i="30" c="415" p="%^wBAo8DvmZGmi9LmiLFgovL$vcH$vgDtqGBLrGB$vYx$vYx$cGB$cGBtltBAo" /><g i="31" c="418" p="%^OF$vvB$hoB$h#DBgmDBHnDB$vey$vey9enD9eCHOrHHOraM9ekR9ekR$vON$vONyn#ONYmPNam#QNol_N0iTN0igJ$v" /></glyphs></font><font id="30" name="Open Sans Charset1 659AdD6w7kV"><glyphs><g i="0" c="384" p="#^RvIAIuIA1umA%1uByVuRyRvRy2xRyGx6yjynxjy$v%jy9e%oA9e%oAQvoA8ydzqz2yIARvIA" /><g i="1" c="385" p="#^nG$v%ZF5u%TF5uTElvTDOvTCfwoBfwpzfwgydv8xbu8xis8xfoDD2o%UF_n%UF8nUFAldFQkyE4k2D4knB4kgz5l%EyyjDz0jOAJi_BpiaDpizFpiJGtjTHwkTHSm%TH$v^OBAuHDAuMEytRFvsRFDq%RFqp%PDvppBApkAfqgzWqgzksgzptWz$tBAAuOBAu" /><g i="2" c="386" p="#^bP$v%bPhnbPHlvOUkQN5koM5kuK5kAJblHIgmHIwo%HI$v%FG$v%FGhnFGHlZFUkiF5kRD5kXB5k2BelaAnmaAZo%aA$v%8y$v%8yDi%NzDi%7Ask%dAskNAtjQBWiTCniaEnijHnigIDk%nIDkZIBj5K_ieLniHMniYOni4QyjdRIkdRgn%dR$v" /><g i="3" c="387" p="#^ODfwQAfw6zruoxDsoxqpoxam_yhkAAnigDniNFnifH1kJIGlJIoo%JIGp%vzGpzz1sHAgtPBuuTDuu1Guu8IAt%8Inv3HRv6G2w9FfwODfw^fD4kEB4kGA7lJzamyz1o%yG1oyG6mHF5lQE4kfD4k" /><g i="4" c="388" p="#^MGlsMGdunFev_DfwtBfwPyfwkxov%kxwthy$toziuvAAuwBAu6DAuYD4uPEztPEwsPEKr7EbrsDDqvBSpDzapQyFo2y7oFxtnhxPmhxUlhxgkCykjYznigCniqEniuGfj%MFVkLD4k7C4kGA4kXzxkdzZkdzMldzimuzHmMz3nnApn_AKnJCoo5FfpWF8qMG0rMGls" /><g i="5" c="389" p="#" /><g i="6" c="390" p="%^_L$vWJ$vWJCnwACnwA$vry$vry9ewA9ewALlWJLlWJ9e_L9e" /><g i="7" c="391" p="#^iH$v%iHkniHIlyGVkPF5kdE5k7C5k8BelaAmmaAZo%aA$v%7y$v%7yDi%NzDi%7Ark%dArkRAsjYBWi4DnitEniTGni5IyjkJIkkJgn%kJ$v" /><g i="8" c="392" p="#^eHcu%7HcuKFfwXCfwjAfwRysuoxFsoxlpox1mSyckkAniXCniFFni6Hlk%gHlk%bHnj%7Hri%7H$c%9J$c%9J$v%wH$v^bDyugFyubGqt7Hhs7HMp%7Hlp7HvmaGileF4kaD4koB4krAtlvzRmvzmpvzWrrAetnByubDyu" /><g i="9" c="393" p="#^0wDi%byDi%7Bfq4CSsjC0u%pC0uzCot3DUrADnqoGDi%zIDi%PCRxYB5APA2BGz$B0y$B5x$BbwNB%bw9ASwjAHxjANzjAGAZx%pB3w" /><g i="10" c="394" p="#^aA$v%8y$v%8yDi%aADi^Zx$eZxiejy_dFyFdazFdFzFd$z_dmAjemA$emAGf$z0gFzmgazmgFymgjy0gZxGfZx$e" /><g i="11" c="395" p="#^gA5t%sAmt7ABuxzcwXyPxhydz%Mwdz5xXxux3wUxcu2y5t" /><g i="12" c="396" p="#^HMVmHMjrhKFtUH$voD$v%ry$v%ry9e%VD9e4I9enKtgHMMiHMVm^uKZmuKujKIJh_GYfxDYf%wAYf%wAcu%2DcuLGcuCInsuKyquKZm" /><g i="13" c="397" p="#^fEni8FniRFwi%zFokKEdk5EdktCdkjBxlaARmaAPo%aA$v%8y$v%8yDi%PzDi%2A5l%8A5lUANjXB4j_CnifEni" /><g i="14" c="398" p="#^uDfwAAfw_ysuoxFsoxopox1m$yckDAniDDniBEniyFAiwGNi3H3j%sGNkNFwk_ElkbEakADakvzakvznpvzRruAatuBuurDuu6FuuTGLt%TGyvxFfwuDfw" /><g i="15" c="399" p="#^tCAu$CAuvDvu$DpuiEku%iETvZD1wkD8wHCfwaCfwhyfwhy9s%hyck%nwck%nwdj%hyni%8zxf%jAxf%jADi%cEDi%cEck%jAck%jA3sjAhtUAXttBAutCAu" /><g i="16" c="400" p="#^HJipHJzs1IpuoGfwuDfwHBfwiApvVyzu8y_soxproxipox0m1zckGAnizDninGni1IfkHJ6mHJip^vzhpvzSrwActyByuxDyuwFyuyGctAHSrAHhpAHKmyGqlwF5kwD5kwB5kvAplvzImvzhp" /><g i="17" c="401" p="%^sy$vsy9ewA9ewA$v" /><g i="18" c="403" p="#^mEfw3DfwZBMvUAhvaAhu%0AhuaAsvaAvw%aA$B%8y$B%8yDi%NzDi%3Ark%aArkYAlj_BSi0DnimEni0HnisIbkVJ$lVJipVJBsrIquZGfwmEfw^3E5k0C5k5BelbAmmaARo%aAhpaA6s6Bkt2Cyu7EyuRFyuQG8tPHKrPHgpPHMmQGrlRF5k3E5k" /><g i="19" c="404" p="%^4B$v$vDiayDi2Byq#1CktcC9uiC9u#qCwt8Dur#SDsplGDixIDirD$v" /><g i="20" c="405" p="%^aA$v8y$v8y$caA$c" /><g i="21" c="406" p="#^iH$v%iHlniHJlyGWkPF6kdE6k6C6k8BflaAomaA$o%aA$v%7y$v%7y$c%aA$c%aALiaANj3Atk%bAtkOAwjUBZi$CpiqEpiTGpi5IAjkJKkkJgn%kJ$v" /><g i="22" c="407" p="#^RxIuRxTtdyttBy2tiz2t$z2toAttOATtOAIuOAvvoAXv_zmwizmwGymwfyZvRxAvRxIu" /><g i="23" c="408" p="%^lL$vUI$voClnwA$owA$vsy$vsy9ewA9ewA$mCI9e3L9eUDVl" /><g i="24" c="409" p="#^4GLf8DLfrBIhKzFjKz4nKzAqnBvs0Dpu3GpuWHpujKKt%jKyvtIfwKFfwOBfwFzStwxsrwx2nwxhkyyciAz7gwB0ftDUd6GUdWIUd0LVe%8KHg5ILf4GLf" /><g i="25" c="410" p="%^lG$viAagbAag#mA2imAEkmA$vsy$vsy9eAB9edHTskHTs1N9e7Q9e7Q$v2O$v2Ovk#2OwidOcg7Ocg0I$v" /><g i="26" c="411" p="#^5JDi%5JVj%DGckYGDkdHjlvH$lvHSmvHQo9G$pPEartCarSBarlB3r2ALr2AOs2AltvACtYATt2CTt%qETtBGTtLHOuWIIvWIrxWIFz8HQAmF$BXB$Bjz$BUx0Btw2Atwfytw1xfx8w1yfvszXuXyIuAydueyKtey4teylsDyOr0zfrSzKqQyjqayipwxgowxXmwxLkQyzj9AniACniDDnitEDi^qyeyqykzkzUzfAsAZBsAwEsAKFHzZGWyZGCxZGwwiG5wDFHvMDHv%lBHvZzHvbzlwqy$wqyey^wzVmwziojA1p6BLpxCLpvFLpvFSmvFSjuCSj3BSjhADkwzolwzVm" /><g i="27" c="412" p="#^WL9e%WLIpWLLs4KvueIfw0FfwOBfw1AuugyJsgyFp%gy9e%lA9e%lAOplA1szBetNCru9FrupHruDIetRJ1sRJNp%RJ9e" /><g i="28" c="413" p="#^aEbk%MAbk%MA$v%Ky$v%Kybk%lwbk%lwgj%Kyyi%KyOhKyTc1DTc6ETcxFid%0FWeRDye0DyeSByejBjfMA3gMALh%MACi%aECi" /><g i="29" c="414" p="%^XD$vSB$vSB$fdw$fdw9eBJ9eBJ$fXD$f" /><g i="30" c="415" p="#^OC6lCF6ldHvmRIUnRIkqRI5t4HGujFfwdCfwbzfwCxhv%CxkttyTtKzbu0BvufCvuoEvuAFutMGtsMGyqMGQmbCQm1BQm5zan%2yvm%Jy9e%BH9e%BH1g%sA1g%$znlpB6lOC6l" /><g i="31" c="418" p="#^2ADi%2Air2AWsNAKtxByu7DyudFyubGpt9Hfs9HEp%9HDi%bJDi%bJ$v%wH$v%dHcu%6HcuuGbvnFJvhEfwSCfwqAfwcz5v$xWt$xnr%$xDi" /><g i="32" c="419" p="%^mB8pJwDi0zDiyCLn3GDilIDiHD8pAI$viG$vyCAqMy$vtw$v" /><g i="33" c="420" p="%^_C4nLH9e$J9e1E4p1E$vXB$vXBap$v9egy9e" /><g i="34" c="421" p="#^RxIuRxTtdyttBy2tiz2t$z2toAttOATtOAIuOAvvoAXv_zmwizmwGymwfyZvRxAvRxIu^RxVjRxhiizhiOAhiOAVjOAJkoA9l_zAlizAlGyAlfyblRxOkRxVj" /><g i="35" c="422" p="#^wIfrwICtOGXu5FfwaCfw$yfwhxqv%hxqtoyUtGzauZArueCrujErumFEtqGRsqGrrqGwq2GWpGFkpOEQoWDko8CHnFzOmAyAlwxmkwxoiwxkg3z6fDAUdaDUdQFUd3ISe%qHGgcFLf7DLftBLfyAsgDz9hDzqiDzljYzXjiAxk6B1lWBwlBD6mpG7nsHgowIppwIfr" /><g i="36" c="423" p="%^$wdq$wno_Tno_Tdq" /><g i="37" c="424" p="#^mEpi$GpisIckVJ$lVJipVJBsrIquZGfwmEfw3DfwZBMvUAhvaAhu%0Ahu%Bz$v%8y$v%8y$c%aA$c%aAChaAaj3Apk%aApkABpimEpi^3E6k$B6k4BilaAumaAipaA6s6Bkt2Cyu7Eyu_FyuUGbtPHPrPHgpPHFmUGol_F6k3E6k" /><g i="38" c="425" p="%^FJ$vsHkqiAkq5y$v$v$v2D4eOE4eQL$v^OGsoJEWi#kEShUDlg#DDwh7DWi1Bso" /><g i="39" c="426" p="#^8A8pGAooLBbn%3GDi%tIDi%2Djo%RI$v%oG$v%GBGp%8A_q%8A$v%8y$v%8y$c%8A$c%8A3n8AKn2A8p" /><g i="40" c="427" p="%^4J$vCG8o#oGqnLFTkFFTk#9F0nNEaogC$vWz$vgwDioyDi#HzFnmAiq#2BWs8BRtfBRt#nB9tGB2s#ZBXqcCiqFEDiRGDieJiq#WJosaKPtgKPt#jKntxKts#LKyr4NDiaPDiuL$v" /><g i="41" c="428" p="%^oM$v0K$vgA0haA0h#mAFjmARlmA$vsy$vsy9eOA9ewK3tCK3t#BKKsvKYq#qK9prKoorK9eoM9e" /><g i="42" c="429" p="%^0xdq0xno0Dno0Ddq" /><g i="43" c="430" p="#^0O$v%ZL$v%nI2k6IfjOH2iuHQgtHBgcHciCG6k%7D$v%3B$v%kw9e%wy9e%lBapWBurbCntwC8raD$o%mG9e%zI9e%WL5pvM_qVMnt8NErNN8p%BQ9e%OS9e" /><g i="44" c="433" p="#^XN2nXNkrMLOtCJfwLFfwOBfwFzRtwxqrwx1nwxGiFzhgPBTdMFTdCJTdMLjgXNLiXN2n^Jz2nJzHqfBzsOCruLFruJIrudKzsKLHqKL2nKLsjdKBhJIKfMFKfOCKffBChJztjJz2n" /><g i="45" c="434" p="#^EMbk%eJbk%eJ$v%cH$v%cHbk%PEbk%PEgj%cHyi%cHOhcHTcvLTcAMTc$Nid%uNWejMyeuLyekKyeNJjfeJ3geJLh%eJCi%EMCi^aEbk%MAbk%MA$v%Ky$v%Kybk%lwbk%lwgj%Kyyi%KyOhKyTc1DTc6ETcxFid%0FWeRDye0DyeSByejBjfMA3gMALh%MACi%aECi" /><g i="46" c="435" p="%^wA$vsy$vsy9eoI9eoI$fwA$fwAxmWHxmWHnowAno" /></glyphs></font><font id="40" name="Articulate Charset1 5tfKzEswPGI"><glyphs><g i="0" c="256" p="%^ey$veyxeKAxeKA$v" /><g i="1" c="257" p="#^gF_eMERefEReWCReoCvfTB9gTBVh%TBej%fFej%fF8l%TB8l%TB$v%wz$v%wz8l%vw8l%vwej%wzej%wz2iwzNgJzQfXzSerAdeXAAdMBgdBCXcPDXczEXcnF4d" /><g i="2" c="258" p="#" /><g i="3" c="259" p="#^TEjsTEmtuE6u5ESutDmvRCRv1C3wdBiwmAiwqziwCy9wOx0wVwBv%1xutzxPtny6ubzou_zou0BouHBWtnCstnCAsnCeseCZr5CHrNBqruB9r_AUquACqMzfqez$pIyIpbyppMx0pmxCo5x4oRwxnRwPmRw$k1yZjezXirBXi5CXiRC5jBDejgErj%3EulNDllrDel6D6lLC1lpCXk5CUkNBRkzBRkCARkZzfllzEllzmmlz9nXzDnxA5oFBBorCXo0DipCDEp0E3qrEuqFE2rTEBrTEjs" /><g i="4" c="260" p="#^$G$v%$GZt%YGZtLGounGPu$FdvtFzvYEUvgE5wADiwMCiwlAiwazTu$xrt$xPq%$xej%mAej%mAHpmAxqpA9rsANrAAgsIALsUA6t5BstnBKtIB3uaCeuECou8DouXEouWF0tWGDrWG7p%WGej%hJej%hJ$v" /><g i="5" c="261" p="#^pGMvLF3wZEawcEiwsDiw1CiwRANvGzgvOynuWxttrxfsYw0rYwBpYweoox0nQxNlFyUkvz_jJAtjYBXivDXi8EXiUE4jFFcjiGrj%5GolLERkADRkDCRkSBel5BClyAgm0AVmKzNnszEoszApszkqFzbrTz1snALsTAstGBWttCouGDousEou1FbuDF_tdGHt%pGMv" /><g i="6" c="262" p="#^fGoofGKn3G5nTFsmtFYl3FsltE9lUDRk4DRk2CRkoBglLAHlnAhm$zSmQztnGz3oFzoo%fGoo^Fz8qFz4r_zSrkAEsUActtBMteC4u$CouTDoutEou3FguFF8uaGXtIGKt6HxtxHjtNH6t%NHrv1HNv2G1w4FiwJDiwdCiw$ATvOzrvXyBu4yKtCxrs9x8r9xpp9xXnAxKm0yxlPyIkDzSjJApjQBXiaDXiJEXiNFtjRG$jvHZkaIXlsIgnLIAoLI8q" /><g i="7" c="263" p="%^iy$viyedFAedFA$v" /><g i="8" c="264" p="#^ZEXvDE3w3EawvDiwWCiw7CiwqB5wJAVvbAtvGz1vmzku2zCt2zxs%2z8l%9w8l%9wej%2zej%2zhg%pBxf%pBej%NEej%NE8l%pB8l%pB3spBusvBVsBBjtRBFt5C_ttCbuRCouqDoufEouZEXt%ZEXv" /><g i="9" c="265" p="#^WG$v%WGjpWGSnGGYmrG1mXFxlyF8l2F$kzERkbERkaDRkrCflJBElfBmmNA3nzA1omA_omA6q%mA$v%$x$v%$xed%mAed%mA3l%pA3lDAIkZAkkkBYjQBEjkCkj_C8jFDXitEXiYGXi6IlkhJLlhJoo%hJ$v" /><g i="10" c="266" p="%^iy$viyejFAejFA$v^9yog9yKdPAKdPAog" /><g i="11" c="267" p="#^EHApEHHomHQn4HYmAGim4GElkFflAERkFDRkICRkYBfldBElIAimcAYmWzQnFzHoFzApFzrqUzir7A9sCARs5BxtRBZtCCouFDouGEouqFZtbGxtGGRs9H9soHjrEHsqEHAp^8KBp8K0rFJesbJrtjIlusHevgGMv4FiwFDiwaCiw_AMvOzdvXyju4yotCxas9xXq9xzp9x9oCxYm4yKlWyRkNzYjZAsjaCXiFDXi7FXikGsjxHYjmIRkcJKlGJZm8Kbo8KBp" /><g i="12" c="268" p="#^WGBpWGKoHGTntG0n_FlmwFFlOEfl5ERk7DRkqBRkxA9mFzsnFzzpFzrqSzir4A9swARsZAxtDBZtiCoubDouaEouTEXtBFut1GOsuG6sIGgrWGpqWGBp^1H$v%1Hbu%ZGbuLGzulGXuYFjvoFDvREWv8E6wsDiwDCiwaBiw7AIv5z6vry8uNx9ttxWr9xHq9xop9x3ovxUmRxIlxyQkdzYjfAsjiBXiGCXilEXilFxjlG6kSG_k%WG_k%WGed%hJed%hJ$v" /><g i="13" c="269" p="#^7FclSE4luE1l6E_kQD_kTC_kcCslyBVl8BEmKAnnyAjomAepmA9q%mA$v%$x$v%$xej%cAej%cAcl%fAclsANkNAnk7BYjyBEj_BkjvC8j1DXiCDXiYDXilEZiKE$i7F6j%7Fcl" /><g i="14" c="270" p="#^WG$v%WGopWGPnGGVmqG_lZFxlBF9l5F$kBERkbERkaDRkrCflJBElfBmmNA3nzA1omA_omA6q%mA$v%$x$v%$xej%gAej%gAfl%jAflOAhkVBCj0DXisEXiYGXi6IlkhJLlhJoo%hJ$v" /><g i="15" c="271" p="#^AFWpdFWpNEVplETpZDTp4DTphC0qvB8qVArqkAKq_zcrFzFrFzhsFzKsRz7t2AwtnAOtIA4u7BeuyBou0Cou4DouMD2usEItREdtfFJspF9sAFBrAF8r^QF$v%QFlu%NFluxFHu9F2vOEoviEGvODXvaD6wyCiwOBiwWAiw5A6whzWvCytvYx0vyxfu9xut9xls9x5rLxhqlytpez_o8AuobBjofC7o7D7o8E7oGE8ocF8oAFaoyFBntF0noFqm4FXlMErl8E8lwDRkqCRk8BRkaAhldzJlJy8m%By8kWyYjkzLjKzxjgAljOA9jrB2j5CXiUCXilEXiiFkjgGIjRGpkqH6lGH5mXH3nXHeo%XHetXHHtXHquXH8v1I$v" /><g i="16" c="272" p="%^qM$vIJ$vpGhllGhl7D$voA$viwejTyejOBNtRBNt5FejTHej4LNt7LNteOejxQej" /><g i="17" c="273" p="#^$CmxJC8ylCUyZBEzrBdAWAPAdAaBwzyByyyB7yyBGxuBdxrBUwlB%2xrzlxzzCxBzTxEz8yEzEyEz1zrzrzezMzVy5AAykA8yzAIxLAfxQA3xUAQwYACwYAswYAhwQA1wJANvGACv%awej%Lyej%aCNt%dCNt%JFej%5Iej" /><g i="18" c="274" p="%^rzFkixFkRyxeFBxe" /><g i="19" c="275" p="#^EHxpEHknIG5mNFRk7ERk6DRkoCilGBKldBqmNA6nzAZnmAPomABpmArqAAirOA8sfBQsIBwtpCYt7Dou6EouTEouxF1ubGFtEG0t6HmsnHtrEHAqEHxp^8Kop8KNqOJ1ssJhtNIeu6Ibv3HLv1GiwDEiw$Ciw_BKv_A9vpAeu%mAeu%mAfB%$xfB%$xej%fAej%fA1l%iA1lRAckYBAj4DXiAEXiYFXi$Gsj3IYjLIQkrJIlNJUm8K3o8Kop" /><g i="20" c="276" p="#^EHxpEHknHG5mLFRk9ERkaDRksCflLBFlgBlmOA0nAATnmAKomABpmAwqBAmrQAcshBUsLBztsC_t9Dou6EouVEouyF0ucGEtFG_s7HjsnHrrEHzqEHxp^8Kop8KIqPJYrvJbtRI9ubI6v8HIv6GiwFEiwQDiw7D6wqCWvTBDvlBjvXAXuyAzuiAbu%fAbu%fA$v%$x$v%$xed%mAed%mA_k%pA_kYA4kXBwjXCXiDEXi1GXi3Htj6I$jNIUksJNlOJYm8K6o8Kop" /><g i="21" c="277" p="%^3G$vmArpmA$v$x$v$xedmAedmApouFejHIejLCUorJ$v" /><g i="22" c="278" p="%^4y$v4yctTActTA$v" /><g i="23" c="279" p="%^ZEUgvBypsIyp^1L$vfJBrHABrWy$viw$vLDxenGxeLN$v" /><g i="24" c="280" p="%^cEKgcE$vIB$vIBKggwKggwxeDJxeDJKg" /><g i="25" c="281" p="%^Lykzvwkz3yctTAct" /><g i="26" c="282" p="#^wKFv0KSvtJ_vXI6wpIawTHewoHgwVGiwxGiwqEiwJCEv1B_uQzOtDyBsZxVqkxcpkx8nkx9l0ywjIyThWzIg9BxfRCUexEeezGeezHeeyIoexJyeuK_e%hKphpJVgwIGgDHrgHGrg9FrgVDZgGCuhOBpiWAjjsAyk_zNl_zen_zNouA2q$AjrUBdsNC6t_DCtbF5uzG5u1H5uyH1u4IYtBIRt6JKtzJBt0KrtmKet%wKFv" /><g i="27" c="283" p="#^WGKpWGNoHGVntG0n$FlmyFFlREfl8ERkdDRkjCRkFBhl$AJlyAom5A3nTzVnFzKoFzzpFzwqUzlr8A9sCANs4BotKBLtoC5ubD5u$D5uGELtlFptRFRslGgsDGtrWGFqWGKp^hJwvhJhxKIrybICzgHiAmG_A9FgBZDyBFCyBkByBfAhBbz1B6yFA%myuy_yLywzZy3AbzAAkz6BuzGBzzeCEzVCEzNDEzwEmzgF4zNFxyjG_xCG9xWGlwWGdv%WG0u%SG0udGUu6Fsv0E$vDC$v7B$v4Aqv2zRunyXtJx0trxVr9xNq9xHp9xCotxqnNxemtyel9zekeABjkBXiTCXivDXi5E1jIE7jfFnjOFDjfG3kIGuk2H7l%5H7l%5Hej%hJej%hJwv" /><g i="28" c="284" p="%^ED$vRA$vgwejRyejiCEtlCEtTFejdIej" /><g i="29" c="285" p="#^XN$v%XNroXNUnSNfnNNCmxN4mhNxlQMblnMRkDLRk6KRkcJ7mjIonjICp%jI$v%YF$v%YFpoYFwmkFHlJERkEDRk7CRkdB7mkAonkAHp%kA$v%Zx$v%Zxej%aAej%aA4l%dA4lrAKkLAlk3BYjxBEj0CkjHC8jnDXigEXiOEXikF4jTFcjmGwjRGPjfHhkFHLkVHpl7IVkwIskWI$jsJGj_JkjCK8jeLXiTLXi6NXiXNjjNOHjjPlkRP$k3QUliQMmiQJn%iQ$v" /><g i="30" c="286" p="%^3x$v3xXtqE8lqx8lqxej9Hej9HhlOz5uqH5uqH$v" /><g i="31" c="287" p="#^uGjjuGYhuFlhvEKgRCKg%AAKg%AA2m%OC2mAD2mfETlWEHlpFllVF_kbGukuG_juGjj^HH$v%_EUpyEZo$DCosDfotCfo%AAfo%AA$v%4y$v%4yxe%pCxeODxe0FIefGTe9Hpf4IWfCISg8JNh8Jhj8J9kPIQkvIvl$H$lvHumRGOmcG6nxFen%xFhnaGwnyGZnXGpocH_o%xK$v" /><g i="32" c="288" p="#^KG5rKGrpBFLosE2okC2o%AA2o%AAYt%yCYtqDYtbEQtYEHtwFnt4G2tpGvsKGXrKG5r^rG7jrGsiaGZhWFthtFah1FTgqEKgQDAg9DAg%AAAg%AA$l%YB$lWC$lLDVlAEPlaFwlNFdl6GFkrG4krG7j^oJhroJps0JitFIauSHMu3HmvMFHvuE$vDC$v%4y$v%4yxe%LCxepExeAFQeLG7fvHIffIhgBI5hXIVhXIXiXINkWHKlWGHmkF4n%kF7ncHjniIqooJxpoJhr" /></glyphs></font></bwFonts>